modele_data,x0,x0_id,y0,modele_opt,relax,Status,Sol,Label,Valeur_optimale,temps_execution,zk^2,betai*betaj,sigmak*zk,RLT_Lan,Number_Nodes,betai*zkj,Nombre_iterations
MULTIPLE_CIRCLES,"[0.15624579787254333, -0.7734980583190918]",0,1,Fischetti_Obj_diff,1,-1,[],-1,,0.01699995994567871,False,False,False,False,0.0,,
MULTIPLE_CIRCLES,"[0.15624579787254333, -0.7734980583190918]",0,1,Fischetti_Obj_diff,0,-1,[],-1,,0.009999990463256836,False,False,False,False,0.0,,
MULTIPLE_CIRCLES,"[0.16, -0.77]",0,1,Mix_d_couches_SDP,0,-1,[],-1,,0.8187294006347656,True,True,,True,,True,49.0
MULTIPLE_CIRCLES,"[0.16, -0.77]",0,1,Mix_d_couches_SDP,0,1,"[0.2599949466638686, -0.8699753021340689]",1,-282.1489357567737,0.12359929084777832,True,True,,True,,False,30.0
MULTIPLE_CIRCLES,"[0.16, -0.77]",0,1,Mix_d_couches_SDP,0,-1,[],-1,,0.1993868350982666,True,False,,True,,True,49.0
MULTIPLE_CIRCLES,"[0.16, -0.77]",0,1,Mix_d_couches_SDP,0,1,"[0.2599949466638686, -0.8699753021340689]",1,-282.1489357567737,0.0998525619506836,True,False,,True,,False,30.0
MULTIPLE_CIRCLES,"[0.16, -0.77]",0,1,Mix_d_couches_SDP,0,-1,[],-1,,0.13228893280029297,False,True,,True,,True,45.0
MULTIPLE_CIRCLES,"[0.16, -0.77]",0,1,Mix_d_couches_SDP,0,-1,[],-1,,0.12314605712890625,False,True,,True,,False,46.0
MULTIPLE_CIRCLES,"[0.16, -0.77]",0,1,Mix_d_couches_SDP,0,-1,[],-1,,0.1258687973022461,False,False,,True,,True,45.0
MULTIPLE_CIRCLES,"[0.16, -0.77]",0,1,Mix_d_couches_SDP,0,-1,[],-1,,0.12531733512878418,False,False,,True,,False,46.0
MULTIPLE_CIRCLES,"[0.16, -0.77]",0,1,Lan_SDP,0,1,"[0.22542941805126304, -0.6700071362094734]",1,0.28344795450530497,0.11040163040161133,True,,,True,,,23.0
MULTIPLE_CIRCLES,"[0.16, -0.77]",0,1,Lan_SDP,0,1,"[0.22543367090576288, -0.6700071027928243]",1,0.28344798967820706,0.08732795715332031,False,,,True,,,23.0
MULTIPLE_CIRCLES,"[0.16, -0.77]",0,1,Lan_couches_SDP,0,1,"[0.25999518219111595, -0.8699738215971717]",1,-282.1488680183219,0.07981348037719727,True,,,True,,,26.0
MULTIPLE_CIRCLES,"[0.16, -0.77]",0,1,Lan_couches_SDP,0,1,"[0.2519052958003238, -0.671229979328659]",1,-3117.8444873638537,0.07270646095275879,False,,,True,,,25.0
MULTIPLE_CIRCLES,"[0.16, -0.77]",0,1,Mix_SDP,0,3,[],-1,,0.09640908241271973,True,True,,True,,True,22.0
MULTIPLE_CIRCLES,"[0.16, -0.77]",0,1,Mix_SDP,0,3,[],-1,,0.10569262504577637,True,True,,True,,False,22.0
MULTIPLE_CIRCLES,"[0.16, -0.77]",0,1,Mix_SDP,0,3,[],-1,,0.10712289810180664,True,False,,True,,True,22.0
MULTIPLE_CIRCLES,"[0.16, -0.77]",0,1,Mix_SDP,0,3,[],-1,,0.12961459159851074,True,False,,True,,False,22.0
MULTIPLE_CIRCLES,"[0.16, -0.77]",0,1,Mix_SDP,0,1,"[0.16121760859656983, -0.670000857498889]",1,-164.23203317493392,0.1043238639831543,False,True,,True,,True,30.0
MULTIPLE_CIRCLES,"[0.16, -0.77]",0,1,Mix_SDP,0,1,"[0.16121760859656983, -0.670000857498889]",1,-164.23203317493392,0.11057519912719727,False,True,,True,,False,30.0
MULTIPLE_CIRCLES,"[0.16, -0.77]",0,1,Mix_SDP,0,1,"[0.16121760859656983, -0.670000857498889]",1,-164.23203317493392,0.10952067375183105,False,False,,True,,True,30.0
MULTIPLE_CIRCLES,"[0.16, -0.77]",0,1,Mix_SDP,0,1,"[0.16121760859656983, -0.670000857498889]",1,-164.23203317493392,0.1085054874420166,False,False,,True,,False,30.0
MULTIPLE_CIRCLES,"[0.16, -0.77]",0,1,Mix_couches_SDP,0,1,"[0.2599951406507087, -0.8699748618849336]",1,-282.1489214785879,0.08381247520446777,True,True,,True,,True,23.0
MULTIPLE_CIRCLES,"[0.16, -0.77]",0,1,Mix_couches_SDP,0,1,"[0.2599951406507087, -0.8699748618849336]",1,-282.1489214785879,0.07523679733276367,True,True,,True,,False,23.0
MULTIPLE_CIRCLES,"[0.16, -0.77]",0,1,Mix_couches_SDP,0,1,"[0.2599951406507087, -0.8699748618849336]",1,-282.1489214785879,0.07461667060852051,True,False,,True,,True,23.0
MULTIPLE_CIRCLES,"[0.16, -0.77]",0,1,Mix_couches_SDP,0,1,"[0.2599951406507087, -0.8699748618849336]",1,-282.1489214785879,0.07297039031982422,True,False,,True,,False,23.0
MULTIPLE_CIRCLES,"[0.16, -0.77]",0,1,Mix_couches_SDP,0,1,"[0.16128729767646346, -0.6700008669386497]",1,-3131.7220558995004,0.08834981918334961,False,True,,True,,True,32.0
MULTIPLE_CIRCLES,"[0.16, -0.77]",0,1,Mix_couches_SDP,0,1,"[0.16128729767646346, -0.6700008669386497]",1,-3131.7220558995004,0.09251689910888672,False,True,,True,,False,32.0
MULTIPLE_CIRCLES,"[0.16, -0.77]",0,1,Mix_couches_SDP,0,1,"[0.16128729767646346, -0.6700008669386497]",1,-3131.7220558995004,0.10856318473815918,False,False,,True,,True,32.0
MULTIPLE_CIRCLES,"[0.16, -0.77]",0,1,Mix_couches_SDP,0,1,"[0.16128729767646346, -0.6700008669386497]",1,-3131.7220558995004,0.08293628692626953,False,False,,True,,False,32.0
MULTIPLE_CIRCLES,"[-0.02202671766281128, -0.28880584239959717]",1,0,Fischetti_Obj_diff,1,-1,[],-1,,0.006000041961669922,False,False,False,False,0.0,,
MULTIPLE_CIRCLES,"[-0.02202671766281128, -0.28880584239959717]",1,0,Fischetti_Obj_diff,0,-1,[],-1,,0.00800013542175293,False,False,False,False,0.0,,
MULTIPLE_CIRCLES,"[-0.02, -0.29]",1,0,Mix_d_couches_SDP,0,-1,[],-1,,0.2809748649597168,True,True,,True,,True,70.0
MULTIPLE_CIRCLES,"[-0.02, -0.29]",1,0,Mix_d_couches_SDP,0,1,"[0.08000004260035185, -0.3899963567816177]",0,-403.3751673013346,0.10367393493652344,True,True,,True,,False,32.0
MULTIPLE_CIRCLES,"[-0.02, -0.29]",1,0,Mix_d_couches_SDP,0,-1,[],-1,,0.280548095703125,True,False,,True,,True,70.0
MULTIPLE_CIRCLES,"[-0.02, -0.29]",1,0,Mix_d_couches_SDP,0,1,"[0.08000004260035185, -0.3899963567816177]",0,-403.3751673013346,0.0882418155670166,True,False,,True,,False,32.0
MULTIPLE_CIRCLES,"[-0.02, -0.29]",1,0,Mix_d_couches_SDP,0,-1,[],-1,,0.3086972236633301,False,True,,True,,True,61.0
MULTIPLE_CIRCLES,"[-0.02, -0.29]",1,0,Mix_d_couches_SDP,0,-1,[],-1,,0.22496438026428223,False,True,,True,,False,65.0
MULTIPLE_CIRCLES,"[-0.02, -0.29]",1,0,Mix_d_couches_SDP,0,-1,[],-1,,0.20979595184326172,False,False,,True,,True,61.0
MULTIPLE_CIRCLES,"[-0.02, -0.29]",1,0,Mix_d_couches_SDP,0,-1,[],-1,,0.21031951904296875,False,False,,True,,False,65.0
MULTIPLE_CIRCLES,"[-0.02, -0.29]",1,0,Lan_SDP,0,1,"[-0.03624177165759755, -0.38992944707982014]",0,2.570368296558764,0.0998985767364502,True,,,True,,,22.0
MULTIPLE_CIRCLES,"[-0.02, -0.29]",1,0,Lan_SDP,0,1,"[-0.036243645602705925, -0.3899299522568701]",0,2.570368039485223,0.09409451484680176,False,,,True,,,22.0
MULTIPLE_CIRCLES,"[-0.02, -0.29]",1,0,Lan_couches_SDP,0,1,"[0.07999916713571162, -0.38999524513827527]",0,-403.3751276788573,0.07567548751831055,True,,,True,,,26.0
MULTIPLE_CIRCLES,"[-0.02, -0.29]",1,0,Lan_couches_SDP,0,1,"[0.05637875763030095, -0.3843759612439565]",0,-3300.75235987655,0.0738062858581543,False,,,True,,,28.0
MULTIPLE_CIRCLES,"[-0.02, -0.29]",1,0,Mix_SDP,0,3,[],-1,,0.10072207450866699,True,True,,True,,True,20.0
MULTIPLE_CIRCLES,"[-0.02, -0.29]",1,0,Mix_SDP,0,3,[],-1,,0.09690070152282715,True,True,,True,,False,20.0
MULTIPLE_CIRCLES,"[-0.02, -0.29]",1,0,Mix_SDP,0,3,[],-1,,0.09040641784667969,True,False,,True,,True,20.0
MULTIPLE_CIRCLES,"[-0.02, -0.29]",1,0,Mix_SDP,0,3,[],-1,,0.09735822677612305,True,False,,True,,False,20.0
MULTIPLE_CIRCLES,"[-0.02, -0.29]",1,0,Mix_SDP,0,1,"[-0.018541494705414215, -0.19000351118128087]",0,-288.0818488218936,0.12105035781860352,False,True,,True,,True,32.0
MULTIPLE_CIRCLES,"[-0.02, -0.29]",1,0,Mix_SDP,0,1,"[-0.018541494705414215, -0.19000351118128087]",0,-288.0818488218936,0.12273597717285156,False,True,,True,,False,32.0
MULTIPLE_CIRCLES,"[-0.02, -0.29]",1,0,Mix_SDP,0,1,"[-0.018541494705414215, -0.19000351118128087]",0,-288.0818488218936,0.12154531478881836,False,False,,True,,True,32.0
MULTIPLE_CIRCLES,"[-0.02, -0.29]",1,0,Mix_SDP,0,1,"[-0.018541494705414215, -0.19000351118128087]",0,-288.0818488218936,0.1261124610900879,False,False,,True,,False,32.0
MULTIPLE_CIRCLES,"[-0.02, -0.29]",1,0,Mix_couches_SDP,0,1,"[0.0799993396970796, -0.3899958176239539]",0,-403.3751821431345,0.11566019058227539,True,True,,True,,True,25.0
MULTIPLE_CIRCLES,"[-0.02, -0.29]",1,0,Mix_couches_SDP,0,1,"[0.0799993396970796, -0.3899958176239539]",0,-403.3751821431345,0.10046768188476562,True,True,,True,,False,25.0
MULTIPLE_CIRCLES,"[-0.02, -0.29]",1,0,Mix_couches_SDP,0,1,"[0.0799993396970796, -0.3899958176239539]",0,-403.3751821431345,0.08251142501831055,True,False,,True,,True,25.0
MULTIPLE_CIRCLES,"[-0.02, -0.29]",1,0,Mix_couches_SDP,0,1,"[0.0799993396970796, -0.3899958176239539]",0,-403.3751821431345,0.08201766014099121,True,False,,True,,False,25.0
MULTIPLE_CIRCLES,"[-0.02, -0.29]",1,0,Mix_couches_SDP,0,1,"[0.031206839334027146, -0.19000040159726256]",0,-3336.813418562536,0.09609436988830566,False,True,,True,,True,36.0
MULTIPLE_CIRCLES,"[-0.02, -0.29]",1,0,Mix_couches_SDP,0,1,"[0.031206839334027146, -0.19000040159726256]",0,-3336.813418562536,0.08749246597290039,False,True,,True,,False,36.0
MULTIPLE_CIRCLES,"[-0.02, -0.29]",1,0,Mix_couches_SDP,0,1,"[0.031206839334027146, -0.19000040159726256]",0,-3336.813418562536,0.0885922908782959,False,False,,True,,True,36.0
MULTIPLE_CIRCLES,"[-0.02, -0.29]",1,0,Mix_couches_SDP,0,1,"[0.031206839334027146, -0.19000040159726256]",0,-3336.813418562536,0.0793159008026123,False,False,,True,,False,36.0
MULTIPLE_CIRCLES,"[0.8166560530662537, -0.05967976897954941]",2,1,Fischetti_Obj_diff,1,1,"[0.7166560530662537, 0.0403202310204506]",0,-5128.130581663465,0.03099989891052246,False,False,False,False,0.0,,
MULTIPLE_CIRCLES,"[0.8166560530662537, -0.05967976897954941]",2,1,Fischetti_Obj_diff,0,1,"[0.7166560530662537, 0.0403202310204506]",0,-0.08309911813117399,0.06299996376037598,False,False,False,False,1.0,,
MULTIPLE_CIRCLES,"[0.82, -0.06]",2,1,Mix_d_couches_SDP,0,-1,[],-1,,0.17443346977233887,True,True,,True,,True,57.0
MULTIPLE_CIRCLES,"[0.82, -0.06]",2,1,Mix_d_couches_SDP,0,1,"[0.8935356109726017, -0.1599956186558822]",1,-212.02559849944072,0.05813312530517578,True,True,,True,,False,23.0
MULTIPLE_CIRCLES,"[0.82, -0.06]",2,1,Mix_d_couches_SDP,0,-1,[],-1,,0.14733672142028809,True,False,,True,,True,57.0
MULTIPLE_CIRCLES,"[0.82, -0.06]",2,1,Mix_d_couches_SDP,0,1,"[0.8935356109726017, -0.1599956186558822]",1,-212.02559849944072,0.0490107536315918,True,False,,True,,False,23.0
MULTIPLE_CIRCLES,"[0.82, -0.06]",2,1,Mix_d_couches_SDP,0,-1,[],-1,,0.0897216796875,False,True,,True,,True,42.0
MULTIPLE_CIRCLES,"[0.82, -0.06]",2,1,Mix_d_couches_SDP,0,1,"[0.8250624900585334, 0.037417243152551995]",1,-3000.0000003500295,0.07210779190063477,False,True,,True,,False,40.0
MULTIPLE_CIRCLES,"[0.82, -0.06]",2,1,Mix_d_couches_SDP,0,-1,[],-1,,0.09091615676879883,False,False,,True,,True,42.0
MULTIPLE_CIRCLES,"[0.82, -0.06]",2,1,Mix_d_couches_SDP,0,1,"[0.8250624900585334, 0.037417243152551995]",1,-3000.0000003500295,0.07557082176208496,False,False,,True,,False,40.0
MULTIPLE_CIRCLES,"[0.82, -0.06]",2,1,Lan_SDP,0,1,"[0.7203472926126306, -0.05938114600789429]",0,-0.10972226400999621,0.05543112754821777,True,,,True,,,23.0
MULTIPLE_CIRCLES,"[0.82, -0.06]",2,1,Lan_SDP,0,1,"[0.7203476474968866, -0.05937884691590783]",0,-0.1097223561182048,0.04871416091918945,False,,,True,,,23.0
MULTIPLE_CIRCLES,"[0.82, -0.06]",2,1,Lan_couches_SDP,0,1,"[0.8935353177588047, -0.15999536440524634]",1,-212.02558493734813,0.04314255714416504,True,,,True,,,26.0
MULTIPLE_CIRCLES,"[0.82, -0.06]",2,1,Lan_couches_SDP,0,1,"[0.9152935078868178, 0.038894275357846966]",1,-3119.3183695543103,0.04293012619018555,False,,,True,,,25.0
MULTIPLE_CIRCLES,"[0.82, -0.06]",2,1,Mix_SDP,0,1,"[0.7203476760374667, -0.05937840647589508]",0,-0.10972231618256528,0.05834341049194336,True,True,,True,,True,23.0
MULTIPLE_CIRCLES,"[0.82, -0.06]",2,1,Mix_SDP,0,1,"[0.7203476760374667, -0.05937840647589508]",0,-0.10972231618256528,0.08806133270263672,True,True,,True,,False,23.0
MULTIPLE_CIRCLES,"[0.82, -0.06]",2,1,Mix_SDP,0,1,"[0.7203476760374667, -0.05937840647589508]",0,-0.10972231618256528,0.05638527870178223,True,False,,True,,True,23.0
MULTIPLE_CIRCLES,"[0.82, -0.06]",2,1,Mix_SDP,0,1,"[0.7203476760374667, -0.05937840647589508]",0,-0.10972231618256528,0.05718064308166504,True,False,,True,,False,23.0
MULTIPLE_CIRCLES,"[0.82, -0.06]",2,1,Mix_SDP,0,1,"[0.8211791403804163, 0.03999123580238536]",1,-163.24951156560343,0.06301522254943848,False,True,,True,,True,30.0
MULTIPLE_CIRCLES,"[0.82, -0.06]",2,1,Mix_SDP,0,1,"[0.8211791403804163, 0.03999123580238536]",1,-163.24951156560343,0.05987381935119629,False,True,,True,,False,30.0
MULTIPLE_CIRCLES,"[0.82, -0.06]",2,1,Mix_SDP,0,1,"[0.8211791403804163, 0.03999123580238536]",1,-163.24951156560343,0.061102867126464844,False,False,,True,,True,30.0
MULTIPLE_CIRCLES,"[0.82, -0.06]",2,1,Mix_SDP,0,1,"[0.8211791403804163, 0.03999123580238536]",1,-163.24951156560343,0.062209367752075195,False,False,,True,,False,30.0
MULTIPLE_CIRCLES,"[0.82, -0.06]",2,1,Mix_couches_SDP,0,1,"[0.8935207222029534, -0.1599954880123321]",1,-212.02556637316815,0.037811279296875,True,True,,True,,True,22.0
MULTIPLE_CIRCLES,"[0.82, -0.06]",2,1,Mix_couches_SDP,0,1,"[0.8935207222029534, -0.1599954880123321]",1,-212.02556637316815,0.04095625877380371,True,True,,True,,False,22.0
MULTIPLE_CIRCLES,"[0.82, -0.06]",2,1,Mix_couches_SDP,0,1,"[0.8935207222029534, -0.1599954880123321]",1,-212.02556637316815,0.04063129425048828,True,False,,True,,True,22.0
MULTIPLE_CIRCLES,"[0.82, -0.06]",2,1,Mix_couches_SDP,0,1,"[0.8935207222029534, -0.1599954880123321]",1,-212.02556637316815,0.03901505470275879,True,False,,True,,False,22.0
MULTIPLE_CIRCLES,"[0.82, -0.06]",2,1,Mix_couches_SDP,0,1,"[0.8212930652020813, 0.039998680579136026]",1,-3132.2026029689605,0.049794673919677734,False,True,,True,,True,32.0
MULTIPLE_CIRCLES,"[0.82, -0.06]",2,1,Mix_couches_SDP,0,1,"[0.8212930652020813, 0.039998680579136026]",1,-3132.2026029689605,0.0533444881439209,False,True,,True,,False,32.0
MULTIPLE_CIRCLES,"[0.82, -0.06]",2,1,Mix_couches_SDP,0,1,"[0.8212930652020813, 0.039998680579136026]",1,-3132.2026029689605,0.05242514610290527,False,False,,True,,True,32.0
MULTIPLE_CIRCLES,"[0.82, -0.06]",2,1,Mix_couches_SDP,0,1,"[0.8212930652020813, 0.039998680579136026]",1,-3132.2026029689605,0.05471348762512207,False,False,,True,,False,32.0
MULTIPLE_CIRCLES,"[1.021957516670227, -0.28629744052886963]",3,1,Fischetti_Obj_diff,1,-1,[],-1,,0.0,False,False,False,False,0.0,,
MULTIPLE_CIRCLES,"[1.021957516670227, -0.28629744052886963]",3,1,Fischetti_Obj_diff,0,-1,[],-1,,0.003000020980834961,False,False,False,False,0.0,,
MULTIPLE_CIRCLES,"[1.02, -0.29]",3,1,Mix_d_couches_SDP,0,-1,[],-1,,0.10334444046020508,True,True,,True,,True,56.0
MULTIPLE_CIRCLES,"[1.02, -0.29]",3,1,Mix_d_couches_SDP,0,1,"[1.015703955630286, -0.3899980286421969]",1,-242.4862842933283,0.06971549987792969,True,True,,True,,False,29.0
MULTIPLE_CIRCLES,"[1.02, -0.29]",3,1,Mix_d_couches_SDP,0,-1,[],-1,,0.10952138900756836,True,False,,True,,True,56.0
MULTIPLE_CIRCLES,"[1.02, -0.29]",3,1,Mix_d_couches_SDP,0,1,"[1.015703955630286, -0.3899980286421969]",1,-242.4862842933283,0.047147274017333984,True,False,,True,,False,29.0
MULTIPLE_CIRCLES,"[1.02, -0.29]",3,1,Mix_d_couches_SDP,0,-1,[],-1,,0.0897221565246582,False,True,,True,,True,49.0
MULTIPLE_CIRCLES,"[1.02, -0.29]",3,1,Mix_d_couches_SDP,0,1,"[1.0244003635689862, -0.19245830150663668]",1,-3000.0000003455925,0.05619239807128906,False,True,,True,,False,40.0
MULTIPLE_CIRCLES,"[1.02, -0.29]",3,1,Mix_d_couches_SDP,0,-1,[],-1,,0.09071946144104004,False,False,,True,,True,49.0
MULTIPLE_CIRCLES,"[1.02, -0.29]",3,1,Mix_d_couches_SDP,0,1,"[1.0244003635689862, -0.19245830150663668]",1,-3000.0000003455925,0.061295270919799805,False,False,,True,,False,40.0
MULTIPLE_CIRCLES,"[1.02, -0.29]",3,1,Lan_SDP,0,1,"[0.9234206598365947, -0.2899437385268527]",1,1.506771044630347,0.050360918045043945,True,,,True,,,23.0
MULTIPLE_CIRCLES,"[1.02, -0.29]",3,1,Lan_SDP,0,1,"[0.9234203168517422, -0.2899421764310096]",1,1.506770876071121,0.050812721252441406,False,,,True,,,22.0
MULTIPLE_CIRCLES,"[1.02, -0.29]",3,1,Lan_couches_SDP,0,1,"[1.0157227007101928, -0.38999747810195984]",1,-242.48622989887892,0.04255986213684082,True,,,True,,,25.0
MULTIPLE_CIRCLES,"[1.02, -0.29]",3,1,Lan_couches_SDP,0,1,"[1.1152331330279566, -0.19128574743427784]",1,-3119.026168173837,0.04176735877990723,False,,,True,,,25.0
MULTIPLE_CIRCLES,"[1.02, -0.29]",3,1,Mix_SDP,0,3,[],-1,,0.05164074897766113,True,True,,True,,True,22.0
MULTIPLE_CIRCLES,"[1.02, -0.29]",3,1,Mix_SDP,0,3,[],-1,,0.05605721473693848,True,True,,True,,False,22.0
MULTIPLE_CIRCLES,"[1.02, -0.29]",3,1,Mix_SDP,0,3,[],-1,,0.055162906646728516,True,False,,True,,True,22.0
MULTIPLE_CIRCLES,"[1.02, -0.29]",3,1,Mix_SDP,0,3,[],-1,,0.055397987365722656,True,False,,True,,False,22.0
MULTIPLE_CIRCLES,"[1.02, -0.29]",3,1,Mix_SDP,0,1,"[1.0212027157059702, -0.1899979775049482]",1,-161.58520772103748,0.08130025863647461,False,True,,True,,True,30.0
MULTIPLE_CIRCLES,"[1.02, -0.29]",3,1,Mix_SDP,0,1,"[1.0212027157059702, -0.1899979775049482]",1,-161.58520772103748,0.06022453308105469,False,True,,True,,False,30.0
MULTIPLE_CIRCLES,"[1.02, -0.29]",3,1,Mix_SDP,0,1,"[1.0212027157059702, -0.1899979775049482]",1,-161.58520772103748,0.06001114845275879,False,False,,True,,True,30.0
MULTIPLE_CIRCLES,"[1.02, -0.29]",3,1,Mix_SDP,0,1,"[1.0212027157059702, -0.1899979775049482]",1,-161.58520772103748,0.06518673896789551,False,False,,True,,False,30.0
MULTIPLE_CIRCLES,"[1.02, -0.29]",3,1,Mix_couches_SDP,0,1,"[1.0157039229778555, -0.3899975412551918]",1,-242.48624094439333,0.04292440414428711,True,True,,True,,True,22.0
MULTIPLE_CIRCLES,"[1.02, -0.29]",3,1,Mix_couches_SDP,0,1,"[1.0157039229778555, -0.3899975412551918]",1,-242.48624094439333,0.03909015655517578,True,True,,True,,False,22.0
MULTIPLE_CIRCLES,"[1.02, -0.29]",3,1,Mix_couches_SDP,0,1,"[1.0157039229778555, -0.3899975412551918]",1,-242.48624094439333,0.046173095703125,True,False,,True,,True,22.0
MULTIPLE_CIRCLES,"[1.02, -0.29]",3,1,Mix_couches_SDP,0,1,"[1.0157039229778555, -0.3899975412551918]",1,-242.48624094439333,0.04375100135803223,True,False,,True,,False,22.0
MULTIPLE_CIRCLES,"[1.02, -0.29]",3,1,Mix_couches_SDP,0,1,"[1.0213050791680403, -0.19000076179299188]",1,-3131.816332087073,0.05814862251281738,False,True,,True,,True,33.0
MULTIPLE_CIRCLES,"[1.02, -0.29]",3,1,Mix_couches_SDP,0,1,"[1.0213050791680403, -0.19000076179299188]",1,-3131.816332087073,0.051598310470581055,False,True,,True,,False,33.0
MULTIPLE_CIRCLES,"[1.02, -0.29]",3,1,Mix_couches_SDP,0,1,"[1.0213050791680403, -0.19000076179299188]",1,-3131.816332087073,0.05720877647399902,False,False,,True,,True,33.0
MULTIPLE_CIRCLES,"[1.02, -0.29]",3,1,Mix_couches_SDP,0,1,"[1.0213050791680403, -0.19000076179299188]",1,-3131.816332087073,0.048387765884399414,False,False,,True,,False,33.0
MULTIPLE_CIRCLES,"[-0.13815492391586304, 0.7001946568489075]",4,0,Fischetti_Obj_diff,1,-1,[],-1,,0.0,False,False,False,False,0.0,,
MULTIPLE_CIRCLES,"[-0.13815492391586304, 0.7001946568489075]",4,0,Fischetti_Obj_diff,0,-1,[],-1,,0.0019998550415039062,False,False,False,False,0.0,,
MULTIPLE_CIRCLES,"[-0.14, 0.7]",4,0,Mix_d_couches_SDP,0,-1,[],-1,,0.1093757152557373,True,True,,True,,True,61.0
MULTIPLE_CIRCLES,"[-0.14, 0.7]",4,0,Mix_d_couches_SDP,0,1,"[-0.11599064418798069, 0.6097607520608412]",0,-226.2836755350609,0.04039430618286133,True,True,,True,,False,25.0
MULTIPLE_CIRCLES,"[-0.14, 0.7]",4,0,Mix_d_couches_SDP,0,-1,[],-1,,0.1429908275604248,True,False,,True,,True,61.0
MULTIPLE_CIRCLES,"[-0.14, 0.7]",4,0,Mix_d_couches_SDP,0,1,"[-0.11599064418798069, 0.6097607520608412]",0,-226.2836755350609,0.04478168487548828,True,False,,True,,False,25.0
MULTIPLE_CIRCLES,"[-0.14, 0.7]",4,0,Mix_d_couches_SDP,0,-1,[],-1,,0.12891793251037598,False,True,,True,,True,57.0
MULTIPLE_CIRCLES,"[-0.14, 0.7]",4,0,Mix_d_couches_SDP,0,-1,[],-1,,0.12007403373718262,False,True,,True,,False,58.0
MULTIPLE_CIRCLES,"[-0.14, 0.7]",4,0,Mix_d_couches_SDP,0,-1,[],-1,,0.14048552513122559,False,False,,True,,True,57.0
MULTIPLE_CIRCLES,"[-0.14, 0.7]",4,0,Mix_d_couches_SDP,0,-1,[],-1,,0.10671114921569824,False,False,,True,,False,58.0
MULTIPLE_CIRCLES,"[-0.14, 0.7]",4,0,Lan_SDP,0,1,"[-0.040000004043878046, 0.7999999978639654]",0,0.061810375331071976,0.046854496002197266,True,,,True,,,19.0
MULTIPLE_CIRCLES,"[-0.14, 0.7]",4,0,Lan_SDP,0,1,"[-0.04000001767504631, 0.7999999942091864]",0,0.061810412685486066,0.041304588317871094,False,,,True,,,19.0
MULTIPLE_CIRCLES,"[-0.14, 0.7]",4,0,Lan_couches_SDP,0,1,"[-0.11598877720170188, 0.6097590934765259]",0,-226.28366975023374,0.04335451126098633,True,,,True,,,26.0
MULTIPLE_CIRCLES,"[-0.14, 0.7]",4,0,Lan_couches_SDP,0,1,"[-0.23824691182986552, 0.7977579506333956]",0,-3301.1898595199254,0.04404258728027344,False,,,True,,,27.0
MULTIPLE_CIRCLES,"[-0.14, 0.7]",4,0,Mix_SDP,0,-1,[],-1,,0.060277700424194336,True,True,,True,,True,24.0
MULTIPLE_CIRCLES,"[-0.14, 0.7]",4,0,Mix_SDP,0,-1,[],-1,,0.06507372856140137,True,True,,True,,False,24.0
MULTIPLE_CIRCLES,"[-0.14, 0.7]",4,0,Mix_SDP,0,-1,[],-1,,0.05807137489318848,True,False,,True,,True,24.0
MULTIPLE_CIRCLES,"[-0.14, 0.7]",4,0,Mix_SDP,0,-1,[],-1,,0.061464548110961914,True,False,,True,,False,24.0
MULTIPLE_CIRCLES,"[-0.14, 0.7]",4,0,Mix_SDP,0,1,"[-0.1385919543304624, 0.799999906751912]",0,-285.94775614859736,0.06522297859191895,False,True,,True,,True,30.0
MULTIPLE_CIRCLES,"[-0.14, 0.7]",4,0,Mix_SDP,0,1,"[-0.1385919543304624, 0.799999906751912]",0,-285.94775614859736,0.0644223690032959,False,True,,True,,False,30.0
MULTIPLE_CIRCLES,"[-0.14, 0.7]",4,0,Mix_SDP,0,1,"[-0.1385919543304624, 0.799999906751912]",0,-285.94775614859736,0.08317089080810547,False,False,,True,,True,30.0
MULTIPLE_CIRCLES,"[-0.14, 0.7]",4,0,Mix_SDP,0,1,"[-0.1385919543304624, 0.799999906751912]",0,-285.94775614859736,0.07310843467712402,False,False,,True,,False,30.0
MULTIPLE_CIRCLES,"[-0.14, 0.7]",4,0,Mix_couches_SDP,0,1,"[-0.11599676113762379, 0.6097614969951652]",0,-226.28367325136878,0.04378962516784668,True,True,,True,,True,21.0
MULTIPLE_CIRCLES,"[-0.14, 0.7]",4,0,Mix_couches_SDP,0,1,"[-0.11599676113762379, 0.6097614969951652]",0,-226.28367325136878,0.04250359535217285,True,True,,True,,False,21.0
MULTIPLE_CIRCLES,"[-0.14, 0.7]",4,0,Mix_couches_SDP,0,1,"[-0.11599676113762379, 0.6097614969951652]",0,-226.28367325136878,0.04619956016540527,True,False,,True,,True,21.0
MULTIPLE_CIRCLES,"[-0.14, 0.7]",4,0,Mix_couches_SDP,0,1,"[-0.11599676113762379, 0.6097614969951652]",0,-226.28367325136878,0.04687333106994629,True,False,,True,,False,21.0
MULTIPLE_CIRCLES,"[-0.14, 0.7]",4,0,Mix_couches_SDP,0,1,"[-0.08928742885797422, 0.7999995630864918]",0,-3336.502947771225,0.06060147285461426,False,True,,True,,True,35.0
MULTIPLE_CIRCLES,"[-0.14, 0.7]",4,0,Mix_couches_SDP,0,1,"[-0.08928742885797422, 0.7999995630864918]",0,-3336.502947771225,0.05745077133178711,False,True,,True,,False,35.0
MULTIPLE_CIRCLES,"[-0.14, 0.7]",4,0,Mix_couches_SDP,0,1,"[-0.08928742885797422, 0.7999995630864918]",0,-3336.502947771225,0.05629444122314453,False,False,,True,,True,35.0
MULTIPLE_CIRCLES,"[-0.14, 0.7]",4,0,Mix_couches_SDP,0,1,"[-0.08928742885797422, 0.7999995630864918]",0,-3336.502947771225,0.05892014503479004,False,False,,True,,False,35.0
MULTIPLE_CIRCLES,"[1.3572733402252197, -0.1565186232328415]",5,1,Fischetti_Obj_diff,1,-1,[],-1,,0.006999969482421875,False,False,False,False,0.0,,
MULTIPLE_CIRCLES,"[1.3572733402252197, -0.1565186232328415]",5,1,Fischetti_Obj_diff,0,-1,[],-1,,0.005000114440917969,False,False,False,False,0.0,,
MULTIPLE_CIRCLES,"[1.36, -0.16]",5,1,Mix_d_couches_SDP,0,-1,[],-1,,0.09181880950927734,True,True,,True,,True,48.0
MULTIPLE_CIRCLES,"[1.36, -0.16]",5,1,Mix_d_couches_SDP,0,1,"[1.260013974173407, -0.2599926309876135]",1,-223.9681037216245,0.0679922103881836,True,True,,True,,False,38.0
MULTIPLE_CIRCLES,"[1.36, -0.16]",5,1,Mix_d_couches_SDP,0,-1,[],-1,,0.0905294418334961,True,False,,True,,True,48.0
MULTIPLE_CIRCLES,"[1.36, -0.16]",5,1,Mix_d_couches_SDP,0,1,"[1.260013974173407, -0.2599926309876135]",1,-223.9681037216245,0.0687255859375,True,False,,True,,False,38.0
MULTIPLE_CIRCLES,"[1.36, -0.16]",5,1,Mix_d_couches_SDP,0,-1,[],-1,,0.09385156631469727,False,True,,True,,True,47.0
MULTIPLE_CIRCLES,"[1.36, -0.16]",5,1,Mix_d_couches_SDP,0,1,"[1.363949087944887, -0.06208692425540331]",1,-2999.9999998482285,0.08455538749694824,False,True,,True,,False,37.0
MULTIPLE_CIRCLES,"[1.36, -0.16]",5,1,Mix_d_couches_SDP,0,-1,[],-1,,0.08908534049987793,False,False,,True,,True,47.0
MULTIPLE_CIRCLES,"[1.36, -0.16]",5,1,Mix_d_couches_SDP,0,1,"[1.363949087944887, -0.06208692425540331]",1,-2999.9999998482285,0.05910682678222656,False,False,,True,,False,37.0
MULTIPLE_CIRCLES,"[1.36, -0.16]",5,1,Lan_SDP,0,1,"[1.3342248562328962, -0.1600660459327197]",1,2.353171132051203,0.057645559310913086,True,,,True,,,21.0
MULTIPLE_CIRCLES,"[1.36, -0.16]",5,1,Lan_SDP,0,1,"[1.334226075661672, -0.16006340255461016]",1,2.3531701096355486,0.048250436782836914,False,,,True,,,21.0
MULTIPLE_CIRCLES,"[1.36, -0.16]",5,1,Lan_couches_SDP,0,1,"[1.2600242997320428, -0.2599929443883002]",1,-223.96805388621988,0.052240848541259766,True,,,True,,,27.0
MULTIPLE_CIRCLES,"[1.36, -0.16]",5,1,Lan_couches_SDP,0,1,"[1.4584464804505273, -0.060906829728624226]",1,-3119.396161803427,0.04731917381286621,False,,,True,,,25.0
MULTIPLE_CIRCLES,"[1.36, -0.16]",5,1,Mix_SDP,0,3,[],-1,,0.06585335731506348,True,True,,True,,True,20.0
MULTIPLE_CIRCLES,"[1.36, -0.16]",5,1,Mix_SDP,0,3,[],-1,,0.057564496994018555,True,True,,True,,False,20.0
MULTIPLE_CIRCLES,"[1.36, -0.16]",5,1,Mix_SDP,0,3,[],-1,,0.05675506591796875,True,False,,True,,True,20.0
MULTIPLE_CIRCLES,"[1.36, -0.16]",5,1,Mix_SDP,0,3,[],-1,,0.06534051895141602,True,False,,True,,False,20.0
MULTIPLE_CIRCLES,"[1.36, -0.16]",5,1,Mix_SDP,0,1,"[1.3611946533966681, -0.060001178904016426]",1,-160.3262644187294,0.06458044052124023,False,True,,True,,True,28.0
MULTIPLE_CIRCLES,"[1.36, -0.16]",5,1,Mix_SDP,0,1,"[1.3611946533966681, -0.060001178904016426]",1,-160.3262644187294,0.06650280952453613,False,True,,True,,False,28.0
MULTIPLE_CIRCLES,"[1.36, -0.16]",5,1,Mix_SDP,0,1,"[1.3611946533966681, -0.060001178904016426]",1,-160.3262644187294,0.07050704956054688,False,False,,True,,True,28.0
MULTIPLE_CIRCLES,"[1.36, -0.16]",5,1,Mix_SDP,0,1,"[1.3611946533966681, -0.060001178904016426]",1,-160.3262644187294,0.09947085380554199,False,False,,True,,False,28.0
MULTIPLE_CIRCLES,"[1.36, -0.16]",5,1,Mix_couches_SDP,0,1,"[1.2600268138128554, -0.2599926969077196]",1,-223.96807424563804,0.053807973861694336,True,True,,True,,True,23.0
MULTIPLE_CIRCLES,"[1.36, -0.16]",5,1,Mix_couches_SDP,0,1,"[1.2600268138128554, -0.2599926969077196]",1,-223.96807424563804,0.045995235443115234,True,True,,True,,False,23.0
MULTIPLE_CIRCLES,"[1.36, -0.16]",5,1,Mix_couches_SDP,0,1,"[1.2600268138128554, -0.2599926969077196]",1,-223.96807424563804,0.04331064224243164,True,False,,True,,True,23.0
MULTIPLE_CIRCLES,"[1.36, -0.16]",5,1,Mix_couches_SDP,0,1,"[1.2600268138128554, -0.2599926969077196]",1,-223.96807424563804,0.04706978797912598,True,False,,True,,False,23.0
MULTIPLE_CIRCLES,"[1.36, -0.16]",5,1,Mix_couches_SDP,0,1,"[1.3613135432460501, -0.060001059094309576]",1,-3131.782245199216,0.05906867980957031,False,True,,True,,True,33.0
MULTIPLE_CIRCLES,"[1.36, -0.16]",5,1,Mix_couches_SDP,0,1,"[1.3613135432460501, -0.060001059094309576]",1,-3131.782245199216,0.05767321586608887,False,True,,True,,False,33.0
MULTIPLE_CIRCLES,"[1.36, -0.16]",5,1,Mix_couches_SDP,0,1,"[1.3613135432460501, -0.060001059094309576]",1,-3131.782245199216,0.05295205116271973,False,False,,True,,True,33.0
MULTIPLE_CIRCLES,"[1.36, -0.16]",5,1,Mix_couches_SDP,0,1,"[1.3613135432460501, -0.060001059094309576]",1,-3131.782245199216,0.059835195541381836,False,False,,True,,False,33.0
MULTIPLE_CIRCLES,"[1.0183258056640625, -0.4736410975456238]",6,1,Fischetti_Obj_diff,1,-1,[],-1,,0.0009999275207519531,False,False,False,False,0.0,,
MULTIPLE_CIRCLES,"[1.0183258056640625, -0.4736410975456238]",6,1,Fischetti_Obj_diff,0,-1,[],-1,,0.0,False,False,False,False,0.0,,
MULTIPLE_CIRCLES,"[1.02, -0.47]",6,1,Mix_d_couches_SDP,0,-1,[],-1,,0.0947732925415039,True,True,,True,,True,51.0
MULTIPLE_CIRCLES,"[1.02, -0.47]",6,1,Mix_d_couches_SDP,0,1,"[1.0298969601125065, -0.569994464545371]",1,-263.5286160187238,0.05269360542297363,True,True,,True,,False,31.0
MULTIPLE_CIRCLES,"[1.02, -0.47]",6,1,Mix_d_couches_SDP,0,-1,[],-1,,0.10149788856506348,True,False,,True,,True,51.0
MULTIPLE_CIRCLES,"[1.02, -0.47]",6,1,Mix_d_couches_SDP,0,1,"[1.0298969601125065, -0.569994464545371]",1,-263.5286160187238,0.0491175651550293,True,False,,True,,False,31.0
MULTIPLE_CIRCLES,"[1.02, -0.47]",6,1,Mix_d_couches_SDP,0,-1,[],-1,,0.09810590744018555,False,True,,True,,True,54.0
MULTIPLE_CIRCLES,"[1.02, -0.47]",6,1,Mix_d_couches_SDP,0,1,"[1.0229955239199373, -0.37187073482508354]",1,-2999.999998272521,0.08540129661560059,False,True,,True,,False,36.0
MULTIPLE_CIRCLES,"[1.02, -0.47]",6,1,Mix_d_couches_SDP,0,-1,[],-1,,0.09972381591796875,False,False,,True,,True,54.0
MULTIPLE_CIRCLES,"[1.02, -0.47]",6,1,Mix_d_couches_SDP,0,1,"[1.0229955239199373, -0.37187073482508354]",1,-2999.999998272521,0.050875186920166016,False,False,,True,,False,36.0
MULTIPLE_CIRCLES,"[1.02, -0.47]",6,1,Lan_SDP,0,1,"[0.9234743915963846, -0.46999775113296816]",1,1.5069071594135517,0.05380558967590332,True,,,True,,,23.0
MULTIPLE_CIRCLES,"[1.02, -0.47]",6,1,Lan_SDP,0,1,"[0.9234749925377401, -0.46999846064851053]",1,1.506907223398271,0.04938554763793945,False,,,True,,,22.0
MULTIPLE_CIRCLES,"[1.02, -0.47]",6,1,Lan_couches_SDP,0,1,"[1.029902246310444, -0.569994428548851]",1,-263.52858511059975,0.04807925224304199,True,,,True,,,25.0
MULTIPLE_CIRCLES,"[1.02, -0.47]",6,1,Lan_couches_SDP,0,1,"[1.1189388630974504, -0.37032857135059694]",1,-3118.732334716404,0.039295196533203125,False,,,True,,,25.0
MULTIPLE_CIRCLES,"[1.02, -0.47]",6,1,Mix_SDP,0,3,[],-1,,0.0732417106628418,True,True,,True,,True,25.0
MULTIPLE_CIRCLES,"[1.02, -0.47]",6,1,Mix_SDP,0,3,[],-1,,0.06720399856567383,True,True,,True,,False,25.0
MULTIPLE_CIRCLES,"[1.02, -0.47]",6,1,Mix_SDP,0,3,[],-1,,0.07184100151062012,True,False,,True,,True,25.0
MULTIPLE_CIRCLES,"[1.02, -0.47]",6,1,Mix_SDP,0,3,[],-1,,0.06814050674438477,True,False,,True,,False,25.0
MULTIPLE_CIRCLES,"[1.02, -0.47]",6,1,Mix_SDP,0,1,"[1.0212136655812825, -0.36999934436364357]",1,-161.0387249425933,0.0666804313659668,False,True,,True,,True,31.0
MULTIPLE_CIRCLES,"[1.02, -0.47]",6,1,Mix_SDP,0,1,"[1.0212136655812825, -0.36999934436364357]",1,-161.0387249425933,0.06848907470703125,False,True,,True,,False,31.0
MULTIPLE_CIRCLES,"[1.02, -0.47]",6,1,Mix_SDP,0,1,"[1.0212136655812825, -0.36999934436364357]",1,-161.0387249425933,0.06817626953125,False,False,,True,,True,31.0
MULTIPLE_CIRCLES,"[1.02, -0.47]",6,1,Mix_SDP,0,1,"[1.0212136655812825, -0.36999934436364357]",1,-161.0387249425933,0.07013726234436035,False,False,,True,,False,31.0
MULTIPLE_CIRCLES,"[1.02, -0.47]",6,1,Mix_couches_SDP,0,1,"[1.0298948262320988, -0.5699942000095426]",1,-263.528580511227,0.07731032371520996,True,True,,True,,True,21.0
MULTIPLE_CIRCLES,"[1.02, -0.47]",6,1,Mix_couches_SDP,0,1,"[1.0298948262320988, -0.5699942000095426]",1,-263.528580511227,0.042870521545410156,True,True,,True,,False,21.0
MULTIPLE_CIRCLES,"[1.02, -0.47]",6,1,Mix_couches_SDP,0,1,"[1.0298948262320988, -0.5699942000095426]",1,-263.528580511227,0.03811335563659668,True,False,,True,,True,21.0
MULTIPLE_CIRCLES,"[1.02, -0.47]",6,1,Mix_couches_SDP,0,1,"[1.0298948262320988, -0.5699942000095426]",1,-263.528580511227,0.03999733924865723,True,False,,True,,False,21.0
MULTIPLE_CIRCLES,"[1.02, -0.47]",6,1,Mix_couches_SDP,0,1,"[1.0213093947346639, -0.3700013134659681]",1,-3131.60087616671,0.04917025566101074,False,True,,True,,True,31.0
MULTIPLE_CIRCLES,"[1.02, -0.47]",6,1,Mix_couches_SDP,0,1,"[1.0213093947346639, -0.3700013134659681]",1,-3131.60087616671,0.050669193267822266,False,True,,True,,False,31.0
MULTIPLE_CIRCLES,"[1.02, -0.47]",6,1,Mix_couches_SDP,0,1,"[1.0213093947346639, -0.3700013134659681]",1,-3131.60087616671,0.060558319091796875,False,False,,True,,True,31.0
MULTIPLE_CIRCLES,"[1.02, -0.47]",6,1,Mix_couches_SDP,0,1,"[1.0213093947346639, -0.3700013134659681]",1,-3131.60087616671,0.06292247772216797,False,False,,True,,False,31.0
MULTIPLE_CIRCLES,"[0.45187729597091675, -1.079014778137207]",7,1,Fischetti_Obj_diff,1,-1,[],-1,,0.002000093460083008,False,False,False,False,0.0,,
MULTIPLE_CIRCLES,"[0.45187729597091675, -1.079014778137207]",7,1,Fischetti_Obj_diff,0,-1,[],-1,,0.006000041961669922,False,False,False,False,0.0,,
MULTIPLE_CIRCLES,"[0.45, -1.08]",7,1,Mix_d_couches_SDP,0,-1,[],-1,,0.13332819938659668,True,True,,True,,True,61.0
MULTIPLE_CIRCLES,"[0.45, -1.08]",7,1,Mix_d_couches_SDP,0,1,"[0.5499853270028559, -1.1799483109246534]",1,-314.57097673605585,0.05758094787597656,True,True,,True,,False,31.0
MULTIPLE_CIRCLES,"[0.45, -1.08]",7,1,Mix_d_couches_SDP,0,-1,[],-1,,0.1345200538635254,True,False,,True,,True,61.0
MULTIPLE_CIRCLES,"[0.45, -1.08]",7,1,Mix_d_couches_SDP,0,1,"[0.5499853270028559, -1.1799483109246534]",1,-314.57097673605585,0.04440164566040039,True,False,,True,,False,31.0
MULTIPLE_CIRCLES,"[0.45, -1.08]",7,1,Mix_d_couches_SDP,0,-1,[],-1,,0.07137322425842285,False,True,,True,,True,42.0
MULTIPLE_CIRCLES,"[0.45, -1.08]",7,1,Mix_d_couches_SDP,0,1,"[0.45251516316346957, -0.9817924822679536]",1,-2999.9999999900783,0.05480551719665527,False,True,,True,,False,39.0
MULTIPLE_CIRCLES,"[0.45, -1.08]",7,1,Mix_d_couches_SDP,0,-1,[],-1,,0.0693349838256836,False,False,,True,,True,42.0
MULTIPLE_CIRCLES,"[0.45, -1.08]",7,1,Mix_d_couches_SDP,0,1,"[0.45251516316346957, -0.9817924822679536]",1,-2999.9999999900783,0.08620238304138184,False,False,,True,,False,39.0
MULTIPLE_CIRCLES,"[0.45, -1.08]",7,1,Lan_SDP,0,1,"[0.502568042946018, -0.9800078444878872]",1,3.60506923173617,0.05498695373535156,True,,,True,,,23.0
MULTIPLE_CIRCLES,"[0.45, -1.08]",7,1,Lan_SDP,0,1,"[0.502569125024322, -0.9800077685880866]",1,3.605068640442571,0.04619789123535156,False,,,True,,,22.0
MULTIPLE_CIRCLES,"[0.45, -1.08]",7,1,Lan_couches_SDP,0,1,"[0.5499847281219552, -1.1799477167265167]",1,-314.57092828609245,0.04532194137573242,True,,,True,,,27.0
MULTIPLE_CIRCLES,"[0.45, -1.08]",7,1,Lan_couches_SDP,0,1,"[0.5483421207727968, -0.980916662489239]",1,-3117.464471588832,0.04067540168762207,False,,,True,,,25.0
MULTIPLE_CIRCLES,"[0.45, -1.08]",7,1,Mix_SDP,0,3,[],-1,,0.06282162666320801,True,True,,True,,True,23.0
MULTIPLE_CIRCLES,"[0.45, -1.08]",7,1,Mix_SDP,0,3,[],-1,,0.06149625778198242,True,True,,True,,False,23.0
MULTIPLE_CIRCLES,"[0.45, -1.08]",7,1,Mix_SDP,0,3,[],-1,,0.05641889572143555,True,False,,True,,True,23.0
MULTIPLE_CIRCLES,"[0.45, -1.08]",7,1,Mix_SDP,0,3,[],-1,,0.06274652481079102,True,False,,True,,False,23.0
MULTIPLE_CIRCLES,"[0.45, -1.08]",7,1,Mix_SDP,0,1,"[0.45123855608658314, -0.9800002866373148]",1,-161.81235857865806,0.0645608901977539,False,True,,True,,True,31.0
MULTIPLE_CIRCLES,"[0.45, -1.08]",7,1,Mix_SDP,0,1,"[0.45123855608658314, -0.9800002866373148]",1,-161.81235857865806,0.06110095977783203,False,True,,True,,False,31.0
MULTIPLE_CIRCLES,"[0.45, -1.08]",7,1,Mix_SDP,0,1,"[0.45123855608658314, -0.9800002866373148]",1,-161.81235857865806,0.06313705444335938,False,False,,True,,True,31.0
MULTIPLE_CIRCLES,"[0.45, -1.08]",7,1,Mix_SDP,0,1,"[0.45123855608658314, -0.9800002866373148]",1,-161.81235857865806,0.07430291175842285,False,False,,True,,False,31.0
MULTIPLE_CIRCLES,"[0.45, -1.08]",7,1,Mix_couches_SDP,0,1,"[0.5499859583501046, -1.1799478501544625]",1,-314.57096917100205,0.043936967849731445,True,True,,True,,True,23.0
MULTIPLE_CIRCLES,"[0.45, -1.08]",7,1,Mix_couches_SDP,0,1,"[0.5499859583501046, -1.1799478501544625]",1,-314.57096917100205,0.038141727447509766,True,True,,True,,False,23.0
MULTIPLE_CIRCLES,"[0.45, -1.08]",7,1,Mix_couches_SDP,0,1,"[0.5499859583501046, -1.1799478501544625]",1,-314.57096917100205,0.0439913272857666,True,False,,True,,True,23.0
MULTIPLE_CIRCLES,"[0.45, -1.08]",7,1,Mix_couches_SDP,0,1,"[0.5499859583501046, -1.1799478501544625]",1,-314.57096917100205,0.04551100730895996,True,False,,True,,False,23.0
MULTIPLE_CIRCLES,"[0.45, -1.08]",7,1,Mix_couches_SDP,0,1,"[0.45130406825631997, -0.9800006814561268]",1,-3131.1886346577667,0.05405545234680176,False,True,,True,,True,32.0
MULTIPLE_CIRCLES,"[0.45, -1.08]",7,1,Mix_couches_SDP,0,1,"[0.45130406825631997, -0.9800006814561268]",1,-3131.1886346577667,0.053559064865112305,False,True,,True,,False,32.0
MULTIPLE_CIRCLES,"[0.45, -1.08]",7,1,Mix_couches_SDP,0,1,"[0.45130406825631997, -0.9800006814561268]",1,-3131.1886346577667,0.05177593231201172,False,False,,True,,True,32.0
MULTIPLE_CIRCLES,"[0.45, -1.08]",7,1,Mix_couches_SDP,0,1,"[0.45130406825631997, -0.9800006814561268]",1,-3131.1886346577667,0.04742884635925293,False,False,,True,,False,32.0
MULTIPLE_CIRCLES,"[0.190530464053154, 0.4006814658641815]",8,0,Fischetti_Obj_diff,1,1,"[0.09053046405315399, 0.5006814658641815]",0,-6361.081503102936,0.0009999275207519531,False,False,False,False,0.0,,
MULTIPLE_CIRCLES,"[0.190530464053154, 0.4006814658641815]",8,0,Fischetti_Obj_diff,0,-1,[],-1,,0.0,False,False,False,False,0.0,,
MULTIPLE_CIRCLES,"[0.19, 0.4]",8,0,Mix_d_couches_SDP,0,-1,[],-1,,0.09690141677856445,True,True,,True,,True,47.0
MULTIPLE_CIRCLES,"[0.19, 0.4]",8,0,Mix_d_couches_SDP,0,1,"[0.20275509405487324, 0.31926080922292754]",0,-270.97683279417987,0.04367637634277344,True,True,,True,,False,21.0
MULTIPLE_CIRCLES,"[0.19, 0.4]",8,0,Mix_d_couches_SDP,0,-1,[],-1,,0.08947968482971191,True,False,,True,,True,47.0
MULTIPLE_CIRCLES,"[0.19, 0.4]",8,0,Mix_d_couches_SDP,0,1,"[0.20275509405487324, 0.31926080922292754]",0,-270.97683279417987,0.03751993179321289,True,False,,True,,False,21.0
MULTIPLE_CIRCLES,"[0.19, 0.4]",8,0,Mix_d_couches_SDP,0,-1,[],-1,,0.08176779747009277,False,True,,True,,True,47.0
MULTIPLE_CIRCLES,"[0.19, 0.4]",8,0,Mix_d_couches_SDP,0,-1,[],-1,,0.10747337341308594,False,True,,True,,False,62.0
MULTIPLE_CIRCLES,"[0.19, 0.4]",8,0,Mix_d_couches_SDP,0,-1,[],-1,,0.08523845672607422,False,False,,True,,True,47.0
MULTIPLE_CIRCLES,"[0.19, 0.4]",8,0,Mix_d_couches_SDP,0,-1,[],-1,,0.11639046669006348,False,False,,True,,False,62.0
MULTIPLE_CIRCLES,"[0.19, 0.4]",8,0,Lan_SDP,0,1,"[0.2899999894322009, 0.4999999880348323]",0,1.008191087638554,0.07650208473205566,True,,,True,,,19.0
MULTIPLE_CIRCLES,"[0.19, 0.4]",8,0,Lan_SDP,0,1,"[0.2899999991020163, 0.49999999847783944]",0,1.0081909968082698,0.04196929931640625,False,,,True,,,19.0
MULTIPLE_CIRCLES,"[0.19, 0.4]",8,0,Lan_couches_SDP,0,1,"[0.20271824276208056, 0.31925988091472884]",0,-270.976801710816,0.044830322265625,True,,,True,,,24.0
MULTIPLE_CIRCLES,"[0.19, 0.4]",8,0,Lan_couches_SDP,0,1,"[0.09384437857665105, 0.48947307188163613]",0,-3300.588269619916,0.04854702949523926,False,,,True,,,27.0
MULTIPLE_CIRCLES,"[0.19, 0.4]",8,0,Mix_SDP,0,3,[],-1,,0.06360936164855957,True,True,,True,,True,21.0
MULTIPLE_CIRCLES,"[0.19, 0.4]",8,0,Mix_SDP,0,3,[],-1,,0.06340575218200684,True,True,,True,,False,21.0
MULTIPLE_CIRCLES,"[0.19, 0.4]",8,0,Mix_SDP,0,3,[],-1,,0.0696711540222168,True,False,,True,,True,21.0
MULTIPLE_CIRCLES,"[0.19, 0.4]",8,0,Mix_SDP,0,3,[],-1,,0.0663447380065918,True,False,,True,,False,21.0
MULTIPLE_CIRCLES,"[0.19, 0.4]",8,0,Mix_SDP,0,1,"[0.1914299210838991, 0.49999805956337195]",0,-284.5629976158242,0.07341241836547852,False,True,,True,,True,30.0
MULTIPLE_CIRCLES,"[0.19, 0.4]",8,0,Mix_SDP,0,1,"[0.1914299210838991, 0.49999805956337195]",0,-284.5629976158242,0.07748007774353027,False,True,,True,,False,30.0
MULTIPLE_CIRCLES,"[0.19, 0.4]",8,0,Mix_SDP,0,1,"[0.1914299210838991, 0.49999805956337195]",0,-284.5629976158242,0.07639312744140625,False,False,,True,,True,30.0
MULTIPLE_CIRCLES,"[0.19, 0.4]",8,0,Mix_SDP,0,1,"[0.1914299210838991, 0.49999805956337195]",0,-284.5629976158242,0.08373856544494629,False,False,,True,,False,30.0
MULTIPLE_CIRCLES,"[0.19, 0.4]",8,0,Mix_couches_SDP,0,1,"[0.20275922042478103, 0.3192600218231045]",0,-270.97683553022216,0.04915022850036621,True,True,,True,,True,21.0
MULTIPLE_CIRCLES,"[0.19, 0.4]",8,0,Mix_couches_SDP,0,1,"[0.20275922042478103, 0.3192600218231045]",0,-270.97683553022216,0.04848337173461914,True,True,,True,,False,21.0
MULTIPLE_CIRCLES,"[0.19, 0.4]",8,0,Mix_couches_SDP,0,1,"[0.20275922042478103, 0.3192600218231045]",0,-270.97683553022216,0.048235177993774414,True,False,,True,,True,21.0
MULTIPLE_CIRCLES,"[0.19, 0.4]",8,0,Mix_couches_SDP,0,1,"[0.20275922042478103, 0.3192600218231045]",0,-270.97683553022216,0.04791617393493652,True,False,,True,,False,21.0
MULTIPLE_CIRCLES,"[0.19, 0.4]",8,0,Mix_couches_SDP,0,1,"[0.24476789940690716, 0.49999949282755773]",0,-3336.282568379913,0.08468818664550781,False,True,,True,,True,35.0
MULTIPLE_CIRCLES,"[0.19, 0.4]",8,0,Mix_couches_SDP,0,1,"[0.24476789940690716, 0.49999949282755773]",0,-3336.282568379913,0.06438469886779785,False,True,,True,,False,35.0
MULTIPLE_CIRCLES,"[0.19, 0.4]",8,0,Mix_couches_SDP,0,1,"[0.24476789940690716, 0.49999949282755773]",0,-3336.282568379913,0.06508564949035645,False,False,,True,,True,35.0
MULTIPLE_CIRCLES,"[0.19, 0.4]",8,0,Mix_couches_SDP,0,1,"[0.24476789940690716, 0.49999949282755773]",0,-3336.282568379913,0.06454133987426758,False,False,,True,,False,35.0
MULTIPLE_CIRCLES,"[0.3462849259376526, 0.15884995460510254]",9,0,Fischetti_Obj_diff,1,1,"[0.24628492593765258, 0.2588499546051025]",0,-6361.047978965214,0.0009999275207519531,False,False,False,False,0.0,,
MULTIPLE_CIRCLES,"[0.3462849259376526, 0.15884995460510254]",9,0,Fischetti_Obj_diff,0,-1,[],-1,,0.0,False,False,False,False,0.0,,
MULTIPLE_CIRCLES,"[0.35, 0.16]",9,0,Mix_d_couches_SDP,0,-1,[],-1,,0.19158267974853516,True,True,,True,,True,64.0
MULTIPLE_CIRCLES,"[0.35, 0.16]",9,0,Mix_d_couches_SDP,0,-1,[],-1,,0.07601809501647949,True,True,,True,,False,37.0
MULTIPLE_CIRCLES,"[0.35, 0.16]",9,0,Mix_d_couches_SDP,0,-1,[],-1,,0.19772553443908691,True,False,,True,,True,64.0
MULTIPLE_CIRCLES,"[0.35, 0.16]",9,0,Mix_d_couches_SDP,0,-1,[],-1,,0.07531237602233887,True,False,,True,,False,37.0
MULTIPLE_CIRCLES,"[0.35, 0.16]",9,0,Mix_d_couches_SDP,0,-1,[],-1,,0.17685723304748535,False,True,,True,,True,59.0
MULTIPLE_CIRCLES,"[0.35, 0.16]",9,0,Mix_d_couches_SDP,0,-1,[],-1,,0.1241447925567627,False,True,,True,,False,60.0
MULTIPLE_CIRCLES,"[0.35, 0.16]",9,0,Mix_d_couches_SDP,0,-1,[],-1,,0.19848179817199707,False,False,,True,,True,59.0
MULTIPLE_CIRCLES,"[0.35, 0.16]",9,0,Mix_d_couches_SDP,0,-1,[],-1,,0.14378619194030762,False,False,,True,,False,60.0
MULTIPLE_CIRCLES,"[0.35, 0.16]",9,0,Lan_SDP,0,1,"[0.4448842352397523, 0.22067166576983058]",0,2.052320579239207,0.0728602409362793,True,,,True,,,22.0
MULTIPLE_CIRCLES,"[0.35, 0.16]",9,0,Lan_SDP,0,1,"[0.4448827769089117, 0.2206798627046083]",0,2.0523202328371326,0.0668032169342041,False,,,True,,,22.0
MULTIPLE_CIRCLES,"[0.35, 0.16]",9,0,Lan_couches_SDP,0,1,"[0.44999605591895764, 0.06000272204420677]",0,-333.0038106669088,0.0647270679473877,True,,,True,,,27.0
MULTIPLE_CIRCLES,"[0.35, 0.16]",9,0,Lan_couches_SDP,0,1,"[0.39439595809523814, 0.08096641701223509]",0,-3300.2676375431593,0.06486654281616211,False,,,True,,,29.0
MULTIPLE_CIRCLES,"[0.35, 0.16]",9,0,Mix_SDP,0,3,[],-1,,0.09539341926574707,True,True,,True,,True,24.0
MULTIPLE_CIRCLES,"[0.35, 0.16]",9,0,Mix_SDP,0,3,[],-1,,0.09989428520202637,True,True,,True,,False,24.0
MULTIPLE_CIRCLES,"[0.35, 0.16]",9,0,Mix_SDP,0,3,[],-1,,0.09643745422363281,True,False,,True,,True,24.0
MULTIPLE_CIRCLES,"[0.35, 0.16]",9,0,Mix_SDP,0,3,[],-1,,0.09582948684692383,True,False,,True,,False,24.0
MULTIPLE_CIRCLES,"[0.35, 0.16]",9,0,Mix_SDP,0,1,"[0.35144599127034243, 0.25999234381041547]",0,-284.18519266395447,0.09225296974182129,False,True,,True,,True,29.0
MULTIPLE_CIRCLES,"[0.35, 0.16]",9,0,Mix_SDP,0,1,"[0.35144599127034243, 0.25999234381041547]",0,-284.18519266395447,0.12048768997192383,False,True,,True,,False,29.0
MULTIPLE_CIRCLES,"[0.35, 0.16]",9,0,Mix_SDP,0,1,"[0.35144599127034243, 0.25999234381041547]",0,-284.18519266395447,0.08672976493835449,False,False,,True,,True,29.0
MULTIPLE_CIRCLES,"[0.35, 0.16]",9,0,Mix_SDP,0,1,"[0.35144599127034243, 0.25999234381041547]",0,-284.18519266395447,0.08965349197387695,False,False,,True,,False,29.0
MULTIPLE_CIRCLES,"[0.35, 0.16]",9,0,Mix_couches_SDP,0,1,"[0.4499971874300129, 0.0600025796739286]",0,-333.00389936641835,0.06507539749145508,True,True,,True,,True,24.0
MULTIPLE_CIRCLES,"[0.35, 0.16]",9,0,Mix_couches_SDP,0,1,"[0.4499971874300129, 0.0600025796739286]",0,-333.00389936641835,0.06331872940063477,True,True,,True,,False,24.0
MULTIPLE_CIRCLES,"[0.35, 0.16]",9,0,Mix_couches_SDP,0,1,"[0.4499971874300129, 0.0600025796739286]",0,-333.00389936641835,0.05600762367248535,True,False,,True,,True,24.0
MULTIPLE_CIRCLES,"[0.35, 0.16]",9,0,Mix_couches_SDP,0,1,"[0.4499971874300129, 0.0600025796739286]",0,-333.00389936641835,0.058316946029663086,True,False,,True,,False,24.0
MULTIPLE_CIRCLES,"[0.35, 0.16]",9,0,Mix_couches_SDP,0,1,"[0.4066891908618782, 0.25999965942779907]",0,-3336.2187273078694,0.07846927642822266,False,True,,True,,True,36.0
MULTIPLE_CIRCLES,"[0.35, 0.16]",9,0,Mix_couches_SDP,0,1,"[0.4066891908618782, 0.25999965942779907]",0,-3336.2187273078694,0.08323359489440918,False,True,,True,,False,36.0
MULTIPLE_CIRCLES,"[0.35, 0.16]",9,0,Mix_couches_SDP,0,1,"[0.4066891908618782, 0.25999965942779907]",0,-3336.2187273078694,0.0727543830871582,False,False,,True,,True,36.0
MULTIPLE_CIRCLES,"[0.35, 0.16]",9,0,Mix_couches_SDP,0,1,"[0.4066891908618782, 0.25999965942779907]",0,-3336.2187273078694,0.07973623275756836,False,False,,True,,False,36.0
